{
  "firstLayout": "",
  "gdVersion": {
    "build": 99,
    "major": 4,
    "minor": 0,
    "revision": 0
  },
  "properties": {
    "adaptGameResolutionAtRuntime": true,
    "folderProject": false,
    "orientation": "landscape",
    "packageName": "br.com.dfilitto.conhecendoaspalavras",
    "pixelsRounding": false,
    "projectUuid": "d13cee2c-f197-466e-915f-6076d6e004e9",
    "scaleMode": "linear",
    "sizeOnStartupMode": "adaptWidth",
    "useExternalSourceFiles": false,
    "version": "1.0.0",
    "name": "Conhecendo as palavras",
    "description": "O  jogo Conhecendo as palavras tem como objetivo auxiliar as crianças em seu aprendizado.",
    "author": "",
    "windowWidth": 800,
    "windowHeight": 600,
    "latestCompilationDirectory": "",
    "maxFPS": 60,
    "minFPS": 20,
    "verticalSync": false,
    "platformSpecificAssets": {},
    "loadingScreen": {
      "backgroundColor": 0,
      "backgroundFadeInDuration": 0.2,
      "backgroundImageResourceName": "",
      "gdevelopLogoStyle": "light",
      "logoAndProgressFadeInDuration": 0.2,
      "logoAndProgressLogoFadeInDelay": 0.2,
      "minDuration": 1.5,
      "progressBarColor": 16777215,
      "progressBarHeight": 20,
      "progressBarMaxWidth": 200,
      "progressBarMinWidth": 40,
      "progressBarWidthPercent": 30,
      "showGDevelopSplash": true,
      "showProgressBar": true
    },
    "authorIds": [
      "HTIahjyMw3YUJaGCp2mi7q4DeZn1"
    ],
    "playableDevices": [
      "keyboard",
      "gamepad",
      "mobile"
    ],
    "extensionProperties": [],
    "platforms": [
      {
        "name": "GDevelop JS platform"
      }
    ],
    "currentPlatform": "GDevelop JS platform"
  },
  "resources": {
    "resources": [
      {
        "alwaysLoaded": false,
        "file": "assets/tiled_Blue Background.png",
        "kind": "image",
        "metadata": "",
        "name": "tiled_Blue Background.png",
        "smoothed": true,
        "userAdded": false,
        "origin": {
          "identifier": "https://resources.gdevelop-app.com/assets/Rolling Ball Pack/Background/tiled_Blue Background.png",
          "name": "gdevelop-asset-store"
        }
      },
      {
        "alwaysLoaded": false,
        "file": "assets/tiled_Green Background.png",
        "kind": "image",
        "metadata": "",
        "name": "tiled_Green Background.png",
        "smoothed": true,
        "userAdded": false,
        "origin": {
          "identifier": "https://resources.gdevelop-app.com/assets/Rolling Ball Pack/Background/tiled_Green Background.png",
          "name": "gdevelop-asset-store"
        }
      },
      {
        "alwaysLoaded": false,
        "file": "assets/tiled_sea.png",
        "kind": "image",
        "metadata": "",
        "name": "tiled_sea.png",
        "smoothed": true,
        "userAdded": false,
        "origin": {
          "identifier": "https://resources.gdevelop-app.com/assets/Pirate Pack (190 assets)/PNG/Retina/Sea/tiled_sea.png",
          "name": "gdevelop-asset-store"
        }
      },
      {
        "alwaysLoaded": false,
        "file": "assets/tiled_Blue Background2.png",
        "kind": "image",
        "metadata": "",
        "name": "tiled_Blue Background.png2",
        "smoothed": true,
        "userAdded": false,
        "origin": {
          "identifier": "https://resources.gdevelop-app.com/assets/Pixel Adventure Pack/Background/tiled_Blue Background.png",
          "name": "gdevelop-asset-store"
        }
      },
      {
        "alwaysLoaded": false,
        "file": "assets/tiled_Purple Background.png",
        "kind": "image",
        "metadata": "",
        "name": "tiled_Purple Background.png",
        "smoothed": true,
        "userAdded": false,
        "origin": {
          "identifier": "https://resources.gdevelop-app.com/assets/Pixel Adventure Pack/Background/tiled_Purple Background.png",
          "name": "gdevelop-asset-store"
        }
      },
      {
        "alwaysLoaded": false,
        "file": "assets/tiled_Pink Background.png",
        "kind": "image",
        "metadata": "",
        "name": "tiled_Pink Background.png",
        "smoothed": true,
        "userAdded": false,
        "origin": {
          "identifier": "https://resources.gdevelop-app.com/assets/Pixel Adventure Pack/Background/tiled_Pink Background.png",
          "name": "gdevelop-asset-store"
        }
      },
      {
        "alwaysLoaded": false,
        "file": "assets/tiled_Gray Background.png",
        "kind": "image",
        "metadata": "",
        "name": "tiled_Gray Background.png",
        "smoothed": true,
        "userAdded": false,
        "origin": {
          "identifier": "https://resources.gdevelop-app.com/assets/Pixel Adventure Pack/Background/tiled_Gray Background.png",
          "name": "gdevelop-asset-store"
        }
      }
    ],
    "resourceFolders": []
  },
  "objects": [],
  "objectsGroups": [],
  "variables": [],
  "layouts": [
    {
      "b": 209,
      "disableInputWhenNotFocused": true,
      "mangledName": "Menu",
      "name": "Menu",
      "oglFOV": 90,
      "oglZFar": 500,
      "oglZNear": 1,
      "r": 209,
      "standardSortMethod": true,
      "stopSoundsOnStartup": true,
      "title": "",
      "v": 209,
      "uiSettings": {
        "grid": false,
        "gridType": "rectangular",
        "gridWidth": 32,
        "gridHeight": 32,
        "gridOffsetX": 0,
        "gridOffsetY": 0,
        "gridColor": 10401023,
        "gridAlpha": 0.8,
        "snap": false,
        "zoomFactor": 0.8499999999999999,
        "windowMask": false
      },
      "objectsGroups": [],
      "variables": [],
      "instances": [
        {
          "angle": 0,
          "customSize": true,
          "height": 3600,
          "layer": "",
          "locked": false,
          "name": "BlueBackground",
          "persistentUuid": "c2f1da0d-0768-4689-8419-74d1a0472d3f",
          "width": 3800,
          "x": 0,
          "y": 0,
          "zOrder": 1,
          "numberProperties": [],
          "stringProperties": [],
          "initialVariables": []
        },
        {
          "angle": 0,
          "customSize": false,
          "height": 0,
          "layer": "",
          "locked": false,
          "name": "GameName",
          "persistentUuid": "49324726-2beb-4e56-adf9-7c681e2c9cc8",
          "width": 0,
          "x": 62,
          "y": 112,
          "zOrder": 2,
          "numberProperties": [],
          "stringProperties": [],
          "initialVariables": []
        },
        {
          "angle": 0,
          "customSize": false,
          "height": 0,
          "layer": "",
          "locked": false,
          "name": "ButtonPlay",
          "persistentUuid": "1ad434fc-3f6b-48dc-9603-6daaf1e629cf",
          "width": 0,
          "x": 355,
          "y": 326,
          "zOrder": 3,
          "numberProperties": [],
          "stringProperties": [],
          "initialVariables": []
        }
      ],
      "objects": [
        {
          "height": 128,
          "name": "BlueBackground",
          "tags": "",
          "texture": "tiled_Blue Background.png",
          "type": "TiledSpriteObject::TiledSprite",
          "width": 128,
          "variables": [],
          "effects": [],
          "behaviors": []
        },
        {
          "height": 128,
          "name": "GreenBackground",
          "tags": "",
          "texture": "tiled_Green Background.png",
          "type": "TiledSpriteObject::TiledSprite",
          "width": 128,
          "variables": [],
          "effects": [],
          "behaviors": []
        },
        {
          "height": 128,
          "name": "Sea",
          "tags": "",
          "texture": "tiled_sea.png",
          "type": "TiledSpriteObject::TiledSprite",
          "width": 128,
          "variables": [],
          "effects": [],
          "behaviors": []
        },
        {
          "height": 128,
          "name": "BlueBackground2",
          "tags": "",
          "texture": "tiled_Blue Background.png2",
          "type": "TiledSpriteObject::TiledSprite",
          "width": 128,
          "variables": [],
          "effects": [],
          "behaviors": []
        },
        {
          "height": 128,
          "name": "PurpleBackground",
          "tags": "",
          "texture": "tiled_Purple Background.png",
          "type": "TiledSpriteObject::TiledSprite",
          "width": 128,
          "variables": [],
          "effects": [],
          "behaviors": []
        },
        {
          "height": 128,
          "name": "PinkBackground",
          "tags": "",
          "texture": "tiled_Pink Background.png",
          "type": "TiledSpriteObject::TiledSprite",
          "width": 128,
          "variables": [],
          "effects": [],
          "behaviors": []
        },
        {
          "height": 128,
          "name": "GrayBackground",
          "tags": "",
          "texture": "tiled_Gray Background.png",
          "type": "TiledSpriteObject::TiledSprite",
          "width": 128,
          "variables": [],
          "effects": [],
          "behaviors": []
        },
        {
          "bold": true,
          "italic": false,
          "name": "GameName",
          "smoothed": true,
          "tags": "",
          "type": "TextObject::Text",
          "underlined": false,
          "variables": [],
          "effects": [],
          "behaviors": [],
          "string": "CONHECENDO AS PALAVRAS",
          "font": "",
          "characterSize": 45,
          "color": {
            "b": 255,
            "g": 255,
            "r": 255
          }
        },
        {
          "bold": true,
          "italic": false,
          "name": "ButtonPlay",
          "smoothed": true,
          "tags": "",
          "type": "TextObject::Text",
          "underlined": false,
          "variables": [],
          "effects": [],
          "behaviors": [],
          "string": "JOGAR",
          "font": "",
          "characterSize": 30,
          "color": {
            "b": 255,
            "g": 255,
            "r": 255
          }
        }
      ],
      "events": [
        {
          "disabled": false,
          "folded": false,
          "type": "BuiltinCommonInstructions::Comment",
          "color": {
            "b": 109,
            "g": 230,
            "r": 255,
            "textB": 0,
            "textG": 0,
            "textR": 0
          },
          "comment": "Ajusta recursos de tela",
          "comment2": ""
        },
        {
          "disabled": false,
          "folded": false,
          "type": "BuiltinCommonInstructions::Standard",
          "conditions": [
            {
              "type": {
                "inverted": false,
                "value": "DepartScene"
              },
              "parameters": [
                ""
              ],
              "subInstructions": []
            }
          ],
          "actions": [
            {
              "type": {
                "inverted": false,
                "value": "TextObject::SetOutline"
              },
              "parameters": [
                "GameName",
                "\"74;74;74\"",
                "5"
              ],
              "subInstructions": []
            },
            {
              "type": {
                "inverted": false,
                "value": "TextObject::SetOutline"
              },
              "parameters": [
                "ButtonPlay",
                "\"74;74;74\"",
                "5"
              ],
              "subInstructions": []
            },
            {
              "type": {
                "inverted": false,
                "value": "TextObject::SetGradient"
              },
              "parameters": [
                "GameName",
                "\"LINEAR_VERTICAL\"",
                "\"208;2;27\"",
                "\"245;166;35\"",
                "\"80;227;194\"",
                "\"74;144;226\""
              ],
              "subInstructions": []
            }
          ],
          "events": []
        },
        {
          "disabled": false,
          "folded": false,
          "type": "BuiltinCommonInstructions::Comment",
          "color": {
            "b": 109,
            "g": 230,
            "r": 255,
            "textB": 0,
            "textG": 0,
            "textR": 0
          },
          "comment": "Vai para a fase 1",
          "comment2": ""
        },
        {
          "disabled": false,
          "folded": false,
          "type": "BuiltinCommonInstructions::Standard",
          "conditions": [
            {
              "type": {
                "inverted": false,
                "value": "SourisSurObjet"
              },
              "parameters": [
                "ButtonPlay",
                "",
                "",
                ""
              ],
              "subInstructions": []
            },
            {
              "type": {
                "inverted": false,
                "value": "MouseButtonPressed"
              },
              "parameters": [
                "",
                "Left"
              ],
              "subInstructions": []
            },
            {
              "type": {
                "inverted": false,
                "value": "BuiltinCommonInstructions::Once"
              },
              "parameters": [],
              "subInstructions": []
            }
          ],
          "actions": [
            {
              "type": {
                "inverted": false,
                "value": "Scene"
              },
              "parameters": [
                "",
                "\"Fase1\"",
                ""
              ],
              "subInstructions": []
            }
          ],
          "events": []
        },
        {
          "disabled": false,
          "folded": false,
          "type": "BuiltinCommonInstructions::Comment",
          "color": {
            "b": 109,
            "g": 230,
            "r": 255,
            "textB": 0,
            "textG": 0,
            "textR": 0
          },
          "comment": "Alinha os textos na tela",
          "comment2": ""
        },
        {
          "disabled": false,
          "folded": false,
          "type": "BuiltinCommonInstructions::Standard",
          "conditions": [],
          "actions": [
            {
              "type": {
                "inverted": false,
                "value": "MettreX"
              },
              "parameters": [
                "ButtonPlay",
                "=",
                "(SceneWindowWidth()/2)-(ButtonPlay.Width()/2)"
              ],
              "subInstructions": []
            }
          ],
          "events": []
        },
        {
          "disabled": false,
          "folded": false,
          "type": "BuiltinCommonInstructions::Standard",
          "conditions": [],
          "actions": [],
          "events": []
        }
      ],
      "layers": [
        {
          "ambientLightColorB": 32,
          "ambientLightColorG": 0,
          "ambientLightColorR": 0,
          "followBaseLayerCamera": false,
          "isLightingLayer": false,
          "name": "",
          "visibility": true,
          "cameras": [
            {
              "defaultSize": true,
              "defaultViewport": true,
              "height": 0,
              "viewportBottom": 1,
              "viewportLeft": 0,
              "viewportRight": 1,
              "viewportTop": 0,
              "width": 0
            }
          ],
          "effects": []
        }
      ],
      "behaviorsSharedData": []
    },
    {
      "b": 209,
      "disableInputWhenNotFocused": true,
      "mangledName": "Fase1",
      "name": "Fase1",
      "oglFOV": 90,
      "oglZFar": 500,
      "oglZNear": 1,
      "r": 209,
      "standardSortMethod": true,
      "stopSoundsOnStartup": true,
      "title": "",
      "v": 209,
      "uiSettings": {},
      "objectsGroups": [],
      "variables": [],
      "instances": [],
      "objects": [],
      "events": [],
      "layers": [
        {
          "ambientLightColorB": 0,
          "ambientLightColorG": 0,
          "ambientLightColorR": 0,
          "followBaseLayerCamera": false,
          "isLightingLayer": false,
          "name": "",
          "visibility": true,
          "cameras": [
            {
              "defaultSize": true,
              "defaultViewport": true,
              "height": 0,
              "viewportBottom": 1,
              "viewportLeft": 0,
              "viewportRight": 1,
              "viewportTop": 0,
              "width": 0
            }
          ],
          "effects": []
        }
      ],
      "behaviorsSharedData": []
    },
    {
      "b": 209,
      "disableInputWhenNotFocused": true,
      "mangledName": "Fase2",
      "name": "Fase2",
      "oglFOV": 90,
      "oglZFar": 500,
      "oglZNear": 1,
      "r": 209,
      "standardSortMethod": true,
      "stopSoundsOnStartup": true,
      "title": "",
      "v": 209,
      "uiSettings": {},
      "objectsGroups": [],
      "variables": [],
      "instances": [],
      "objects": [],
      "events": [],
      "layers": [
        {
          "ambientLightColorB": 0,
          "ambientLightColorG": 0,
          "ambientLightColorR": 0,
          "followBaseLayerCamera": false,
          "isLightingLayer": false,
          "name": "",
          "visibility": true,
          "cameras": [
            {
              "defaultSize": true,
              "defaultViewport": true,
              "height": 0,
              "viewportBottom": 1,
              "viewportLeft": 0,
              "viewportRight": 1,
              "viewportTop": 0,
              "width": 0
            }
          ],
          "effects": []
        }
      ],
      "behaviorsSharedData": []
    }
  ],
  "externalEvents": [],
  "eventsFunctionsExtensions": [],
  "externalLayouts": [],
  "externalSourceFiles": []
}